{
  "feature_names": [
    "distance",
    "angle",
    "thickness_ratio",
    "vertical_diff",
    "vertical_offset",
    "density_ratio",
    "height_ratio",
    "mean_height"
  ],
  "n_features": 8,
  "standard_scaling": {
    "means": [
      1.301170825958252,
      0.5544164776802063,
      0.7021810412406921,
      0.2941717505455017,
      -0.0029751232359558344,
      0.6368378400802612,
      0.7455019950866699,
      14.955897331237793
    ],
    "stds": [
      0.3560253977775574,
      0.30090975761413574,
      0.19795770943164825,
      0.2428816556930542,
      0.7206952571868896,
      0.23681320250034332,
      0.1775951087474823,
      8.429015159606934
    ]
  },
  "minmax_scaling": {
    "mins": [
      0.07553896307945251,
      1.650933256769349e-07,
      4.810747356032152e-08,
      4.2668240496368526e-08,
      -1.7496800422668457,
      0.10000000149011612,
      0.0,
      -11.556923866271973
    ],
    "maxs": [
      1.749999761581421,
      0.9999998807907104,
      0.9999999403953552,
      0.9999756217002869,
      1.749666690826416,
      1.0,
      1.0,
      52.4114990234375
    ]
  },
  "robust_scaling": {
    "medians": [
      1.3885568380355835,
      0.5803417563438416,
      0.7299259305000305,
      0.22801664471626282,
      -0.004555555526167154,
      0.6571428775787354,
      0.774193525314331,
      14.029577255249023
    ],
    "q25s": [
      1.08339524269104,
      0.2930179834365845,
      0.5641019940376282,
      0.09569619596004486,
      -0.5085625052452087,
      0.450236976146698,
      0.625,
      8.211000442504883
    ],
    "q75s": [
      1.5927191972732544,
      0.82966548204422,
      0.8659297823905945,
      0.4409094750881195,
      0.5030573606491089,
      0.8421052694320679,
      0.8888888955116272,
      21.055946350097656
    ]
  },
  "feature_statistics": {
    "distance": {
      "min": 0.07553896307945251,
      "max": 1.749999761581421,
      "mean": 1.301170825958252,
      "std": 0.3560253977775574,
      "median": 1.3885568380355835,
      "q25": 1.08339524269104,
      "q75": 1.5927191972732544,
      "range": 1.674460768699646
    },
    "angle": {
      "min": 1.650933256769349e-07,
      "max": 0.9999998807907104,
      "mean": 0.5544164776802063,
      "std": 0.30090975761413574,
      "median": 0.5803417563438416,
      "q25": 0.2930179834365845,
      "q75": 0.82966548204422,
      "range": 0.9999997019767761
    },
    "thickness_ratio": {
      "min": 4.810747356032152e-08,
      "max": 0.9999999403953552,
      "mean": 0.7021810412406921,
      "std": 0.19795770943164825,
      "median": 0.7299259305000305,
      "q25": 0.5641019940376282,
      "q75": 0.8659297823905945,
      "range": 0.9999998807907104
    },
    "vertical_diff": {
      "min": 4.2668240496368526e-08,
      "max": 0.9999756217002869,
      "mean": 0.2941717505455017,
      "std": 0.2428816556930542,
      "median": 0.22801664471626282,
      "q25": 0.09569619596004486,
      "q75": 0.4409094750881195,
      "range": 0.9999755620956421
    },
    "vertical_offset": {
      "min": -1.7496800422668457,
      "max": 1.749666690826416,
      "mean": -0.0029751232359558344,
      "std": 0.7206952571868896,
      "median": -0.004555555526167154,
      "q25": -0.5085625052452087,
      "q75": 0.5030573606491089,
      "range": 3.4993467330932617
    },
    "density_ratio": {
      "min": 0.10000000149011612,
      "max": 1.0,
      "mean": 0.6368378400802612,
      "std": 0.23681320250034332,
      "median": 0.6571428775787354,
      "q25": 0.450236976146698,
      "q75": 0.8421052694320679,
      "range": 0.8999999761581421
    },
    "height_ratio": {
      "min": 0.0,
      "max": 1.0,
      "mean": 0.7455019950866699,
      "std": 0.1775951087474823,
      "median": 0.774193525314331,
      "q25": 0.625,
      "q75": 0.8888888955116272,
      "range": 1.0
    },
    "mean_height": {
      "min": -11.556923866271973,
      "max": 52.4114990234375,
      "mean": 14.955897331237793,
      "std": 8.429015159606934,
      "median": 14.029577255249023,
      "q25": 8.211000442504883,
      "q75": 21.055946350097656,
      "range": 63.968421936035156
    }
  }
}